{
  "b0": 7.348590628903046e-08,
  "b1_nw_diff": 0.00030013232629203884,
  "b2_time": 7.146092662226264e-05,
  "b3_interaction": -6.599674393584501e-08,
  "n_samples": 2439062,
  "log_loss": 0.5252061309505835,
  "baseline_log_loss": 0.6913553407789312,
  "brier_score": 0.17792991708859415
}