{
  "mid_other": {
    "n": 1965,
    "r2": 0.1282,
    "scaler_mean": [
      11.292934690415603,
      -601.9058524173028,
      -2.30730788804071
    ],
    "scaler_std": [
      3.7603934166496904,
      1691.1986907198298,
      8.472655740502056
    ],
    "coef": [
      0.04236558547904697,
      0.13423561486467891,
      0.917674500043106
    ],
    "intercept": -0.22757472664186723
  },
  "mid_ogre": {
    "n": 381,
    "r2": 0.1282,
    "scaler_mean": [
      12.144794400699897,
      74.64566929133858,
      0.7340419947506565
    ],
    "scaler_std": [
      3.502466305153838,
      1547.910566269547,
      9.101720205345758
    ],
    "coef": [
      0.03194976333346995,
      0.111013322245991,
      0.915697353664335
    ],
    "intercept": 0.02111800821595533
  },
  "offlane_other": {
    "n": 530,
    "r2": 0.1856,
    "scaler_mean": [
      13.981509433962263,
      -467.62264150943395,
      -1.6383962264150937
    ],
    "scaler_std": [
      4.941169921729432,
      1537.9897308881973,
      9.34057272059187
    ],
    "coef": [
      -0.08346993203694852,
      0.044425314228778656,
      1.171881726806884
    ],
    "intercept": -0.3316125157410465
  },
  "offlane_ogre": {
    "n": 732,
    "r2": 0.1653,
    "scaler_mean": [
      13.632718579234975,
      -218.6379781420765,
      0.3959016393442623
    ],
    "scaler_std": [
      3.382866824061964,
      1413.1077236404533,
      8.842406679238156
    ],
    "coef": [
      -0.017008204263794624,
      0.1369922197327261,
      1.037008668139234
    ],
    "intercept": -0.20004606949713402
  },
  "support_other": {
    "n": 1648,
    "r2": 0.2205,
    "scaler_mean": [
      17.816747572815522,
      -83.06007281553399,
      -1.144514563106795
    ],
    "scaler_std": [
      5.275502699138862,
      1699.691153600888,
      10.083452512417376
    ],
    "coef": [
      -0.07555137143178292,
      0.01832537932656059,
      1.3706756732957222
    ],
    "intercept": -0.3590697270870158
  },
  "support_ogre": {
    "n": 2565,
    "r2": 0.2588,
    "scaler_mean": [
      18.62522417153993,
      -95.34463937621832,
      0.9009317738791449
    ],
    "scaler_std": [
      3.9741153599637613,
      1461.2271228715663,
      10.581867820861833
    ],
    "coef": [
      -0.025769387340060596,
      0.009030448112839392,
      1.5750856741937145
    ],
    "intercept": 0.14557330087570944
  }
}